"id","name","code","user_type_id/id","chart_template_id/id","reconcile"
"l10n_ec_ja_ifrs_liquidity_transfer","TRANSFERENCIAS INTERBANCARIAS","111010301","account.data_account_type_current_assets","l10n_ec_ja_ifrs","True"
"ec11010401","VALORES EN CUSTODIA","11010401","account.data_account_type_current_assets","l10n_ec_ja_ifrs","False"
"ec110201","ACTIVOS FINANCIEROS A VALOR RAZONABLE CON CAMBIOS EN RESULTADOS","110201","account.data_account_type_current_assets","l10n_ec_ja_ifrs","False"
"ec110202","ACTIVOS FINANCIEROS DISPONIBLES PARA LA VENTA","110202","account.data_account_type_current_assets","l10n_ec_ja_ifrs","False"
"ec110203","ACTIVOS FINANCIEROS MANTENIDOS HASTA SU VENCIMIENTO","110203","account.data_account_type_current_assets","l10n_ec_ja_ifrs","False"
"ec110204","PROVISION POR DETERIORO","110204","account.data_account_type_current_assets","l10n_ec_ja_ifrs","False"
"ec1102050101","CUENTAS POR COBRAR CLIENTES NO RELACIONADOS LOCALES","1102050101","account.data_account_type_receivable","l10n_ec_ja_ifrs","True"
"ec1102050102","CUENTAS POR COBRAR CLIENTES NO RELACIONADOS EXTRANJEROS","1102050102","account.data_account_type_receivable","l10n_ec_ja_ifrs","True"
"ec11020601","DOCUMENTOS Y CUENTAS POR COBRAR CLIENTE RELACIONADOS LOCALES","11020601","account.data_account_type_receivable","l10n_ec_ja_ifrs","True"
"ec11020602","DOCUMENTOS Y CUENTAS POR COBRAR CLIENTE RELACIONADOS EXTRANJEROS","11020602","account.data_account_type_receivable","l10n_ec_ja_ifrs","True"
"ec11020701","ANTICIPO SUELDOS","11020701","account.data_account_type_receivable","l10n_ec_ja_ifrs","True"
"ec11020702","ANTICIPO DÉCIMO TERCER SUELDO","11020702","account.data_account_type_receivable","l10n_ec_ja_ifrs","True"
"ec11020703","ANTICIPO DÉCIMO CUARTO SUELDO","11020703","account.data_account_type_receivable","l10n_ec_ja_ifrs","True"
"ec11020704","ANTICIPO UTILIDADES","11020704","account.data_account_type_receivable","l10n_ec_ja_ifrs","True"
"ec110208","OTRAS CUENTAS POR COBRAR RELACIONADAS","110208","account.data_account_type_receivable","l10n_ec_ja_ifrs","True"
"ec110209","OTRAS CUENTAS POR COBRAR","110209","account.data_account_type_receivable","l10n_ec_ja_ifrs","True"
"ec110210","PROVISION POR CUENTAS INCOBRABLES","110210","account.data_account_type_current_assets","l10n_ec_ja_ifrs","False"
"ec110301","INVENTARIOS DE MATERIA PRIMA","110301","account.data_account_type_current_assets","l10n_ec_ja_ifrs","False"
"ec110302","INVENTARIOS DE PRODUCTOS EN PROCESO","110302","account.data_account_type_current_assets","l10n_ec_ja_ifrs","False"
"ec110303","INVENTARIOS DE SUMINISTROS O MATERIALES A SER CONSUMIDOS EN EL PROCESO DE PRODUCCION","110303","account.data_account_type_current_assets","l10n_ec_ja_ifrs","False"
"ec110304","INVENTARIOS DE SUMINISTROS O MATERIALES A SER CONSUMIDOS EN LA PRESTACION DE SERVICIOS","110304","account.data_account_type_current_assets","l10n_ec_ja_ifrs","False"
"ec110305","INVENTARIOS DE PROD. TERM. Y MERCAD. EN ALMACEN - PRODUCIDO POR LA COMPAÑIA","110305","account.data_account_type_current_assets","l10n_ec_ja_ifrs","False"
"ec110306","INVENTARIOS DE PROD. TERM. Y MERCAD. EN ALMACEN - COMPRADO A TERCEROS","110306","account.data_account_type_current_assets","l10n_ec_ja_ifrs","False"
"ec110307","MERCADERIAS EN TRANSITO","110307","account.data_account_type_current_assets","l10n_ec_ja_ifrs","False"
"ec110308","PROVISION DE INVENTARIOS POR VALOR NETO DE REALIZACION","110308","account.data_account_type_current_assets","l10n_ec_ja_ifrs","False"
"ec110309","PROVISION DE INVENTARIOS POR DETERIORO FISICO","110309","account.data_account_type_current_assets","l10n_ec_ja_ifrs","False"
"ec110401","SEGUROS PAGADOS POR ANTICIPADO","110401","account.data_account_type_prepayments","l10n_ec_ja_ifrs","True"
"ec110402","ARRIENDOS PAGADOS POR ANTICIPADO","110402","account.data_account_type_prepayments","l10n_ec_ja_ifrs","True"
"ec110403","ANTICIPOS A PROVEEDORES","110403","account.data_account_type_prepayments","l10n_ec_ja_ifrs","True"
"ec_other_downpayments","OTROS ANTICIPOS ENTREGADOS","11040401","account.data_account_type_prepayments","l10n_ec_ja_ifrs","True"
"ec_purchase_vat","IVA PAGADO EN COMPRAS LOCALES","11050101","account.data_account_type_current_assets","l10n_ec_ja_ifrs","False"
"ec_purchase_vat_assets","IVA PAGADO EN COMPRAS LOCALES DE ACTIVOS FIJOS","11050102","account.data_account_type_current_assets","l10n_ec_ja_ifrs","False"
"ec_purchase_vat_service_imports","IVA PAGADO EN IMPORTACION DE SERVICIOS","11050103","account.data_account_type_current_assets","l10n_ec_ja_ifrs","False"
"ec_purchase_vat_goods_imports","IVA PAGADO EN IMPORTACION DE BIENES","11050104","account.data_account_type_current_assets","l10n_ec_ja_ifrs","False"
"ec_purchase_vat_assets_imports","IVA PAGADO EN IMPORTACION DE ACTIVOS FIJOS","11050105","account.data_account_type_current_assets","l10n_ec_ja_ifrs","False"
"ec_sale_vat_outstanding_withholds","IVA PAGADO EN RETENCIONES DE LA FUENTE","11050106","account.data_account_type_current_assets","l10n_ec_ja_ifrs","False"
"ec_purchase_vat_zero","IVA EN COMPRAS 0%","11050107","account.data_account_type_current_assets","l10n_ec_ja_ifrs","False"
"ec110502","CREDITO TRIBUTARIO A FAVOR DE LA EMPRESA(I.R.)","110502","account.data_account_type_current_assets","l10n_ec_ja_ifrs","False"
"ec110503","ANTICIPO DE IMPUESTO A LA RENTA","110503","account.data_account_type_current_assets","l10n_ec_ja_ifrs","False"
"ec_sale_profit_withhold","RETENCIONES EN LA FUENTE PAGADAS","110504","account.data_account_type_current_assets","l10n_ec_ja_ifrs","False"
"ec1106","ACTIVOS NO CORRIENTES MANTENIDOS PARA LA VENTA Y OPERACIONES DISCONTINUADAS","1106","account.data_account_type_current_assets","l10n_ec_ja_ifrs","False"
"ec1107","CONSTRUCCIONES EN PROCESO (NIC 11 Y SECC.23 PYMES)","1107","account.data_account_type_current_assets","l10n_ec_ja_ifrs","False"
"ec1108","OTROS ACTIVOS CORRIENTES","1108","account.data_account_type_current_assets","l10n_ec_ja_ifrs","False"
"ec120101","TERRENOS","120101","account.data_account_type_fixed_assets","l10n_ec_ja_ifrs","False"
"ec120102","EDIFICIOS","120102","account.data_account_type_fixed_assets","l10n_ec_ja_ifrs","False"
"ec120103","CONTRUCCIONES EN CURSO","120103","account.data_account_type_fixed_assets","l10n_ec_ja_ifrs","False"
"ec120104","INSTALACIONES","120104","account.data_account_type_fixed_assets","l10n_ec_ja_ifrs","False"
"ec120105","MUEBLES Y ENSERES","120105","account.data_account_type_fixed_assets","l10n_ec_ja_ifrs","False"
"ec120106","MAQUINARIA Y EQUIPO","120106","account.data_account_type_fixed_assets","l10n_ec_ja_ifrs","False"
"ec120107","NAVES AERONAVES BARCAZAS Y SIMILARES","120107","account.data_account_type_fixed_assets","l10n_ec_ja_ifrs","False"
"ec120108","EQUIPO DE COMPUTACION","120108","account.data_account_type_fixed_assets","l10n_ec_ja_ifrs","False"
"ec120109","VEHICULOS, EQUIPOS DE TRANSPORTE Y EQUIPO CAMINERO MOVIL","120109","account.data_account_type_fixed_assets","l10n_ec_ja_ifrs","False"
"ec120110","OTROS PROPIEDADES, PLANTA Y EQUIPO","120110","account.data_account_type_fixed_assets","l10n_ec_ja_ifrs","False"
"ec120111","REPUESTOS Y HERRAMIENTAS","120111","account.data_account_type_fixed_assets","l10n_ec_ja_ifrs","False"
"ec12011201","DEPRECIACION ACUMULADA EDIFICIOS","12011201","account.data_account_type_fixed_assets","l10n_ec_ja_ifrs","False"
"ec12011202","DEPRECIACION ACUMULADA CONTRUCCIONES EN CURSO","12011202","account.data_account_type_fixed_assets","l10n_ec_ja_ifrs","False"
"ec12011203","DEPRECIACION ACUMULADA INSTALACIONES","12011203","account.data_account_type_fixed_assets","l10n_ec_ja_ifrs","False"
"ec12011204","DEPRECIACION ACUMULADA MUEBLES Y ENSERES","12011204","account.data_account_type_fixed_assets","l10n_ec_ja_ifrs","False"
"ec12011205","DEPRECIACION ACUMULADA MAQUINARIA Y EQUIPO","12011205","account.data_account_type_fixed_assets","l10n_ec_ja_ifrs","False"
"ec12011206","DEPRECIACION ACUMULADA NAVES, AERONAVES, BARCAZAS Y SIMILARES","12011206","account.data_account_type_fixed_assets","l10n_ec_ja_ifrs","False"
"ec12011207","DEPRECIACION ACUMULADA EQUIPO DE COMPUTACION","12011207","account.data_account_type_fixed_assets","l10n_ec_ja_ifrs","False"
"ec12011208","DEPRECIACION ACUMULADA VEHICULOS, EQUIPOS DE TRANSPORTE Y EQUIPO CAMINERO MOVIL","12011208","account.data_account_type_fixed_assets","l10n_ec_ja_ifrs","False"
"ec12011209","DEPRECIACION ACUMULADA OTROS PROPIEDADES, PLANTA Y EQUIPO","12011209","account.data_account_type_fixed_assets","l10n_ec_ja_ifrs","False"
"ec12011210","DEPRECIACION ACUMULADA REPUESTOS Y HERRAMIENTAS","12011210","account.data_account_type_fixed_assets","l10n_ec_ja_ifrs","False"
"ec12011301","DETERIORO ACUMULADO EDIFICIOS","12011301","account.data_account_type_fixed_assets","l10n_ec_ja_ifrs","False"
"ec12011302","DETERIORO ACUMULADO CONTRUCCIONES EN CURSO","12011302","account.data_account_type_fixed_assets","l10n_ec_ja_ifrs","False"
"ec12011303","DETERIORO ACUMULADO INSTALACIONES","12011303","account.data_account_type_fixed_assets","l10n_ec_ja_ifrs","False"
"ec12011304","DETERIORO ACUMULADO MUEBLES Y ENSERES","12011304","account.data_account_type_fixed_assets","l10n_ec_ja_ifrs","False"
"ec12011305","DETERIORO ACUMULADO MAQUINARIA Y EQUIPO","12011305","account.data_account_type_fixed_assets","l10n_ec_ja_ifrs","False"
"ec12011306","DETERIORO ACUMULADO  NAVES, AERONAVES, BARCAZAS Y SIMILARES","12011306","account.data_account_type_fixed_assets","l10n_ec_ja_ifrs","False"
"ec12011307","DETERIORO ACUMULADO  EQUIPO DE COMPUTACION","12011307","account.data_account_type_fixed_assets","l10n_ec_ja_ifrs","False"
"ec12011308","DETERIORO ACUMULADO  VEHICULOS, EQUIPOS DE TRANSPORTE Y EQUIPO CAMINERO MOVIL","12011308","account.data_account_type_fixed_assets","l10n_ec_ja_ifrs","False"
"ec12011309","DETERIORO ACUMULADO OTROS PROPIEDADES, PLANTA Y EQUIPO","12011309","account.data_account_type_fixed_assets","l10n_ec_ja_ifrs","False"
"ec12011310","DETERIORO ACUMULADO REPUESTOS Y HERRAMIENTAS","12011310","account.data_account_type_fixed_assets","l10n_ec_ja_ifrs","False"
"ec120201","TERRENOS","120201","account.data_account_type_fixed_assets","l10n_ec_ja_ifrs","False"
"ec120202","EDIFICIOS","120202","account.data_account_type_fixed_assets","l10n_ec_ja_ifrs","False"
"ec120203","DEPRECIACION ACUMULADA DE PROPIEDADES DE INVERSION","120203","account.data_account_type_fixed_assets","l10n_ec_ja_ifrs","False"
"ec120204","DETERIORO ACUMULADO DE PROPIEDADES DE INVERSION","120204","account.data_account_type_fixed_assets","l10n_ec_ja_ifrs","False"
"ec120301","ANIMALES VIVOS EN CRECIMIENTO","120301","account.data_account_type_current_assets","l10n_ec_ja_ifrs","False"
"ec120302","ANIMALES VIVOS EN PRODUCCION","120302","account.data_account_type_current_assets","l10n_ec_ja_ifrs","False"
"ec120303","PLANTAS EN CRECIMIENTO","120303","account.data_account_type_current_assets","l10n_ec_ja_ifrs","False"
"ec120304","PLANTAS EN PRODUCCION","120304","account.data_account_type_current_assets","l10n_ec_ja_ifrs","False"
"ec120305","(-) DEPRECIACION ACUMULADA DE ACTIVOS BIOLÓGICOS","120305","account.data_account_type_current_assets","l10n_ec_ja_ifrs","False"
"ec120306","(-) DETERIORO ACUMULADO DE ACTIVOS BIOLOGÍCOS","120306","account.data_account_type_current_assets","l10n_ec_ja_ifrs","False"
"ec120401","PLUSVALIAS","120401","account.data_account_type_current_assets","l10n_ec_ja_ifrs","False"
"ec120402","MARCAS, PATENTES, DERECHOS DE LLAVE, CUOTAS PATRIMONIALES Y OTROS SIMILARES","120402","account.data_account_type_current_assets","l10n_ec_ja_ifrs","False"
"ec120403","ACTIVOS DE EXPLORACION Y EXPLOTACION","120403","account.data_account_type_current_assets","l10n_ec_ja_ifrs","False"
"ec120404","AMORTIZACION ACUMULADA DE ACTIVOS INTANGIBLE","120404","account.data_account_type_current_assets","l10n_ec_ja_ifrs","False"
"ec120405","DETERIORO ACUMULADO DE ACTIVO INTANGIBLE","120405","account.data_account_type_current_assets","l10n_ec_ja_ifrs","False"
"ec120406","OTROS INTANGIBLES","120406","account.data_account_type_current_assets","l10n_ec_ja_ifrs","False"
"ec120501","ACTIVOS POR IMPUESTOS DIFERIDOS","120501","account.data_account_type_non_current_assets","l10n_ec_ja_ifrs","False"
"ec120601","ACTIVOS FINANCIEROS MANTENIDOS HASTA EL VENCIMIENTO","120601","account.data_account_type_non_current_assets","l10n_ec_ja_ifrs","False"
"ec120602","PROVISION POR DETERIORO DE ACTIVOS FINANCIEROS MANTENIDOS HASTA EL VENCIMIENTO","120602","account.data_account_type_non_current_assets","l10n_ec_ja_ifrs","False"
"ec120603","DOCUMENTOS Y CUENTAS POR COBRAR","120603","account.data_account_type_receivable","l10n_ec_ja_ifrs","True"
"ec120604","PROVISION CUENTAS INCOBRABLES DE ACTIVOS FINANCIEROS NO CORRIENTES","120604","account.data_account_type_non_current_assets","l10n_ec_ja_ifrs","False"
"ec120701","INVERSIONES SUBSIDIARIAS","120701","account.data_account_type_non_current_assets","l10n_ec_ja_ifrs","False"
"ec120702","INVERSIONES ASOCIADAS","120702","account.data_account_type_non_current_assets","l10n_ec_ja_ifrs","False"
"ec120703","INVERSIONES NEGOCIOS CONJUNTOS","120703","account.data_account_type_non_current_assets","l10n_ec_ja_ifrs","False"
"ec120704","OTRAS INVERSIONES","120704","account.data_account_type_non_current_assets","l10n_ec_ja_ifrs","False"
"ec120705","PROVISION VALUACION DE INVERSIONES","120705","account.data_account_type_non_current_assets","l10n_ec_ja_ifrs","False"
"ec120706","OTROS ACTIVOS NO CORRIENTES","120706","account.data_account_type_non_current_assets","l10n_ec_ja_ifrs","False"
"ec2101","PASIVOS FINANCIEROS A VALOR RAZONABLE CON CAMBIOS EN RESULTADOS","2101","account.data_account_type_current_liabilities","l10n_ec_ja_ifrs","False"
"ec2102","PASIVOS POR CONTRATOS DE ARRENDAMIENTO FINANCIEROS","2102","account.data_account_type_current_liabilities","l10n_ec_ja_ifrs","False"
"ec210301","CUENTAS Y DOCUMENTOS POR PAGAR LOCALES","210301","account.data_account_type_payable","l10n_ec_ja_ifrs","True"
"ec210302","CUENTAS Y DOCUMENTOS POR PAGAR DEL EXTERIOR","210302","account.data_account_type_payable","l10n_ec_ja_ifrs","True"
"ec210401","OBLIGACIONES CON INSTITUCIONES FINANCIERAS LOCALES","210401","account.data_account_type_payable","l10n_ec_ja_ifrs","True"
"ec210402","OBLIGACIONES CON INSTITUCIONES FINANCIERAS DEL EXTERIOR","210402","account.data_account_type_payable","l10n_ec_ja_ifrs","True"
"ec2105010101","PROVISION VACACIONES","2105010101","account.data_account_type_current_liabilities","l10n_ec_ja_ifrs","True"
"ec2105010102","PROVISION DECIMO TERCERO","2105010102","account.data_account_type_current_liabilities","l10n_ec_ja_ifrs","True"
"ec2105010103","PROVISION DECIMO CUARTO","2105010103","account.data_account_type_current_liabilities","l10n_ec_ja_ifrs","True"
"ec2105010104","OTRAS PROVISIONES A FAVOR DE LOS EMPLEADOS","2105010104","account.data_account_type_current_liabilities","l10n_ec_ja_ifrs","True"
"ec21050102","OTRAS PROVISIONES LOCALES","21050102","account.data_account_type_current_liabilities","l10n_ec_ja_ifrs","True"
"ec210502","PROVISIONES DEL EXTERIOR","210502","account.data_account_type_current_liabilities","l10n_ec_ja_ifrs","True"
"ec2106","PORCION CORRIENTE DE OBLIGACIONES EMITIDAS","2106","account.data_account_type_current_liabilities","l10n_ec_ja_ifrs","False"
"ec21070101","IMPUESTO A LA RENTA RETENIDO A EMPLEADOS","21070101","account.data_account_type_payable","l10n_ec_ja_ifrs","True"
"ec210702","IMPUESTO A LA RENTA POR PAGAR DEL EJERCICIO","210702","account.data_account_type_payable","l10n_ec_ja_ifrs","True"
"ec21070301","PRESTAMOS QUIROGRAFARIOS","21070301","account.data_account_type_payable","l10n_ec_ja_ifrs","True"
"ec21070302","PRESTAMOS HIPOTECARIOS","21070302","account.data_account_type_payable","l10n_ec_ja_ifrs","True"
"ec21070303","APORTACION PATRONAL AL IESS","21070303","account.data_account_type_payable","l10n_ec_ja_ifrs","True"
"ec21070304","APORTACION PERSONAL AL IESS","21070304","account.data_account_type_payable","l10n_ec_ja_ifrs","True"
"ec21070305","FONDOS DE RESERVA RETENIDOS A EMPLEADOS","21070305","account.data_account_type_payable","l10n_ec_ja_ifrs","True"
"ec21070306","OTRAS OBLICACIONES CORRIENTES CON EL IESS","21070306","account.data_account_type_payable","l10n_ec_ja_ifrs","True"
"ec21070401","SUELDOS Y SALARIOS POR PAGAR","21070401","account.data_account_type_payable","l10n_ec_ja_ifrs","True"
"ec21070402","OTRAS OBLIGACIONES CORRIENTES POR BENEFICIOS DE LEY A EMPLEADOS","21070402","account.data_account_type_payable","l10n_ec_ja_ifrs","True"
"ec21070403","DÉCIMOS POR PAGAR","21070403","account.data_account_type_payable","l10n_ec_ja_ifrs","True"
"ec210705","PARTICIPACION TRABAJADORES POR PAGAR DEL EJERCICIO","210705","account.data_account_type_payable","l10n_ec_ja_ifrs","True"
"ec210706","DIVIDENDOS POR PAGAR","210706","account.data_account_type_payable","l10n_ec_ja_ifrs","True"
"ec2108","CUENTAS POR PAGAR DIVERSAS/RELACIONADAS","2108","account.data_account_type_payable","l10n_ec_ja_ifrs","True"
"ec2109","OTROS PASIVOS FINANCIEROS","2109","account.data_account_type_payable","l10n_ec_ja_ifrs","True"
"ec2110","ANTICIPOS DE CLIENTES","2110","account.data_account_type_payable","l10n_ec_ja_ifrs","True"
"ec2111","PASIVOS DIRECTAMENTE ASOCIADOS CON LOS ACTIVOS NO CORRIENTES Y OPERACIONES DISCONTINUADAS","2111","account.data_account_type_current_liabilities","l10n_ec_ja_ifrs","False"
"ec211201","OTROS BENEFICIOS A LARGO PLAZO PARA LOS EMPLEADOS","211201","account.data_account_type_payable","l10n_ec_ja_ifrs","True"
"ec211301","RETENCIONES JUDICIALES","211301","account.data_account_type_current_liabilities","l10n_ec_ja_ifrs","False"
"ec_sale_vat","IVA COBRADO EN VENTAS LOCALES","2114010101","account.data_account_type_current_liabilities","l10n_ec_ja_ifrs","False"
"ec_sale_vat_assets","IVA COBRADO EN VENTAS DE ACTIVOS FIJOS","2114010102","account.data_account_type_current_liabilities","l10n_ec_ja_ifrs","False"
"ec_sale_vat_goods_exports","IVA COBRADO EN EXPORTACION DE BIENES","2114010103","account.data_account_type_current_liabilities","l10n_ec_ja_ifrs","False"
"ec_sale_vat_services_exports","IVA COBRADO EN EXPORTACION DE SERVICIOS","2114010104","account.data_account_type_current_liabilities","l10n_ec_ja_ifrs","False"
"ec_sale_vat_zero","IVA EN VENTAS 0%","2114010105","account.data_account_type_current_liabilities","l10n_ec_ja_ifrs","False"
"ret_ir_1x100","RETENCIONES DE LA FUENTE 1%","2114010201","account.data_account_type_current_liabilities","l10n_ec_ja_ifrs","False"
"ret_ir_1_75x100","RETENCIONES DE LA FUENTE 1.75%","2114010202","account.data_account_type_current_liabilities","l10n_ec_ja_ifrs","False"
"ret_ir_2x100","RETENCIONES DE LA FUENTE 2%","2114010203","account.data_account_type_current_liabilities","l10n_ec_ja_ifrs","False"
"ret_ir_2_75x100","RETENCIONES DE LA FUENTE 2.75%","2114010204","account.data_account_type_current_liabilities","l10n_ec_ja_ifrs","False"
"ret_ir_5x100","RETENCIONES DE LA FUENTE 5%","2114010205","account.data_account_type_current_liabilities","l10n_ec_ja_ifrs","False"
"ret_ir_8x100","RETENCIONES DE LA FUENTE 8%","2114010206","account.data_account_type_current_liabilities","l10n_ec_ja_ifrs","False"
"ret_ir_10x100","RETENCIONES DE LA FUENTE 10%","2114010207","account.data_account_type_current_liabilities","l10n_ec_ja_ifrs","False"
"ret_ir_15x100","RETENCIONES DE LA FUENTE 15%","2114010208","account.data_account_type_current_liabilities","l10n_ec_ja_ifrs","False"
"ret_ir_22x100","RETENCIONES DE LA FUENTE 22%","2114010209","account.data_account_type_current_liabilities","l10n_ec_ja_ifrs","False"
"ret_ir_others","OTRAS RETENCIONES","2114010210","account.data_account_type_current_liabilities","l10n_ec_ja_ifrs","False"
"ec_vat_withhold_10","RETENCIONES DE IVA 10%","2114010301","account.data_account_type_current_liabilities","l10n_ec_ja_ifrs","False"
"ec_vat_withhold_20","RETENCIONES DE IVA 20%","2114010302","account.data_account_type_current_liabilities","l10n_ec_ja_ifrs","False"
"ec_vat_withhold_30","RETENCIONES DE IVA 30%","2114010303","account.data_account_type_current_liabilities","l10n_ec_ja_ifrs","False"
"ec_vat_withhold_50","RETENCIONES DE IVA 50%","2114010304","account.data_account_type_current_liabilities","l10n_ec_ja_ifrs","False"
"ec_vat_withhold_70","RETENCIONES DE IVA 70%","2114010305","account.data_account_type_current_liabilities","l10n_ec_ja_ifrs","False"
"ec_vat_withhold_100","RETENCIONES DE IVA 100%","2114010306","account.data_account_type_current_liabilities","l10n_ec_ja_ifrs","False"
"ec_vat_withhold_others","OTRAS RETENCIONES","2114010307","account.data_account_type_current_liabilities","l10n_ec_ja_ifrs","False"
"ec2201","PASIVOS POR CONTRATOS DE ARRENDAMIENTO FINANCIERO","2201","account.data_account_type_payable","l10n_ec_ja_ifrs","True"
"ec220201","CUENTAS Y DOCUMENTOS POR PAGAR LOCALES","220201","account.data_account_type_payable","l10n_ec_ja_ifrs","True"
"ec220202","CUENTAS Y DOCUMENTOS POR PAGAR DEL EXTERIOR","220202","account.data_account_type_payable","l10n_ec_ja_ifrs","True"
"ec220301","OBLIGACIONES CON INSTITUCIONES FINANCIERAS LOCALES","220301","account.data_account_type_payable","l10n_ec_ja_ifrs","True"
"ec220302","OBLIGACIONES CON INSTITUCIONES FINANCIERAS DEL EXTERIOR","220302","account.data_account_type_payable","l10n_ec_ja_ifrs","True"
"ec220401","CUENTAS POR PAGAR DIVERSAS/RELACIONADAS LOCALES","220401","account.data_account_type_payable","l10n_ec_ja_ifrs","True"
"ec220402","CUENTAS POR PAGAR DIVERSAS/RELACIONADAS DEL EXTERIOR","220402","account.data_account_type_payable","l10n_ec_ja_ifrs","True"
"ec2205","OBLIGACIONES EMITIDAS","2205","account.data_account_type_payable","l10n_ec_ja_ifrs","True"
"ec2206","ANTICIPOS DE CLIENTES","2206","account.data_account_type_payable","l10n_ec_ja_ifrs","True"
"ec220701","OTROS BENEFICIOS NO CORRIENTES PARA LOS EMPLEADOS","220701","account.data_account_type_payable","l10n_ec_ja_ifrs","True"
"ec2208","OTRAS PROVISIONES","2208","account.data_account_type_payable","l10n_ec_ja_ifrs","True"
"ec220901","INGRESOS DIFERIDOS","220901","account.data_account_type_payable","l10n_ec_ja_ifrs","True"
"ec220902","PASIVOS POR IMPUESTOS DIFERIDOS","220902","account.data_account_type_payable","l10n_ec_ja_ifrs","True"
"ec2210","OTROS PASIVOS NO CORRIENTES","2210","account.data_account_type_non_current_liabilities","l10n_ec_ja_ifrs","False"
"ec3101","CAPITAL SUSCRITO o ASIGNADO","3101","account.data_account_type_equity","l10n_ec_ja_ifrs","False"
"ec3102","CAPITAL SUSCRITO NO PAGADO, ACCIONES EN TESORERIA","3102","account.data_account_type_equity","l10n_ec_ja_ifrs","False"
"ec32","APORTES DE SOCIOS O ACCIONISTAS PARA FUTURA CAPITALIZACION","32","account.data_account_type_equity","l10n_ec_ja_ifrs","False"
"ec33","PRIMA POR EMISION PRIMARIA DE ACCIONES","33","account.data_account_type_equity","l10n_ec_ja_ifrs","False"
"ec3401","RESERVA LEGAL","3401","account.data_account_type_equity","l10n_ec_ja_ifrs","False"
"ec3402","RESERVAS FACULTATIVA Y ESTATUTARIA","3402","account.data_account_type_equity","l10n_ec_ja_ifrs","False"
"ec3403","RESERVA DE CAPITAL","3403","account.data_account_type_equity","l10n_ec_ja_ifrs","False"
"ec3404","OTRAS RESERVAS","3404","account.data_account_type_equity","l10n_ec_ja_ifrs","False"
"ec3501","SUPERAVIT DE ACTIVOS FINANCIEROS DISPONIBLES PARA LA VENTA","3501","account.data_account_type_equity","l10n_ec_ja_ifrs","False"
"ec3502","SUPERAVIT POR REVALUACION DE PROPIEDADES, PLANTA Y EQUIPO","3502","account.data_account_type_equity","l10n_ec_ja_ifrs","False"
"ec3503","SUPERAVIT POR REVALUACION DE ACTIVOS INTANGIBLES","3503","account.data_account_type_equity","l10n_ec_ja_ifrs","False"
"ec3504","OTROS SUPERAVIT POR REVALUACION","3504","account.data_account_type_equity","l10n_ec_ja_ifrs","False"
"ec3601","GANANCIAS ACUMULADAS","3601","account.data_account_type_equity","l10n_ec_ja_ifrs","False"
"ec3602","PERDIDAS ACUMULADAS","3602","account.data_account_type_equity","l10n_ec_ja_ifrs","False"
"ec3603","RESULTADOS ACUMULADOS PROVENIENTES DE LA ADOPCION POR PRIMERA VEZ DE LAS NIIF","3603","account.data_account_type_equity","l10n_ec_ja_ifrs","False"
"ec3701","RESULTADO NETO DEL PERIODO","3701","account.data_account_type_equity","l10n_ec_ja_ifrs","False"
"ec410101","VENTA DE BIENES","410101","account.data_account_type_revenue","l10n_ec_ja_ifrs","False"
"ec410201","PRESTACION DE SERVICIOS","410201","account.data_account_type_revenue","l10n_ec_ja_ifrs","False"
"ec4103","CONTRATOS DE CONSTRUCCION","4103","account.data_account_type_revenue","l10n_ec_ja_ifrs","False"
"ec4104","SUBVENCIONES DEL GOBIERNO","4104","account.data_account_type_revenue","l10n_ec_ja_ifrs","False"
"ec4105","REGALIAS","4105","account.data_account_type_revenue","l10n_ec_ja_ifrs","False"
"ec4106","INTERESES","4106","account.data_account_type_revenue","l10n_ec_ja_ifrs","False"
"ec4107","DIVIDENDOS","4107","account.data_account_type_revenue","l10n_ec_ja_ifrs","False"
"ec4108","GANANCIA POR MEDICIÓN A VALOR RAZONABLE DE ACTIVOS BIOLÓGICOS","4108","account.data_account_type_revenue","l10n_ec_ja_ifrs","False"
"ec4109","OTROS INGRESOS DE ACTIVIDADES ORDINARIAS","4109","account.data_account_type_revenue","l10n_ec_ja_ifrs","False"
"ec4110","#�NOMBRE?","4110","account.data_account_type_revenue","l10n_ec_ja_ifrs","False"
"ec4111","#�NOMBRE?","4111","account.data_account_type_revenue","l10n_ec_ja_ifrs","False"
"ec42","GANANCIA BRUTA","42","account.data_account_type_revenue","l10n_ec_ja_ifrs","False"
"ec4301","DIVIDENDOS","4301","account.data_account_type_revenue","l10n_ec_ja_ifrs","False"
"ec4302","INTERESES FINANCIEROS","4302","account.data_account_type_revenue","l10n_ec_ja_ifrs","False"
"ec4303","GANANCIA EN INVERSIONES EN ASOCIADAS / SUBSIDIARIAS Y OTRAS","4303","account.data_account_type_revenue","l10n_ec_ja_ifrs","False"
"ec4304","VALUACION DE INSTRUMENTOS FINANCIEROS A VALOR RAZONABLE CON CAMBIO EN RESULTADOS","4304","account.data_account_type_revenue","l10n_ec_ja_ifrs","False"
"ec430501","INGRESOS POR DIFERECIAS DE CAMBIO","430501","account.data_account_type_revenue","l10n_ec_ja_ifrs","False"
"ec430502","OTRAS RENTAS","430502","account.data_account_type_revenue","l10n_ec_ja_ifrs","False"
"ec510101","INVENTARIO INICIAL DE BIENES NO PRODUCIDOS POR LA COMPAÑIA","510101","account.data_account_type_direct_costs","l10n_ec_ja_ifrs","False"
"ec510102","COMPRAS NETAS LOCALES DE BIENES NO PRODUCIDOS POR LA COMPAÑIA","510102","account.data_account_type_direct_costs","l10n_ec_ja_ifrs","False"
"ec510103","IMPORTACIONES DE BIENES NO PRODUCIDOS POR LA COMPAÑIA","510103","account.data_account_type_direct_costs","l10n_ec_ja_ifrs","False"
"ec510104","INVENTARIO FINAL DE BIENES NO PRODUCIDOS POR LA COMPAÑIA","510104","account.data_account_type_direct_costs","l10n_ec_ja_ifrs","False"
"ec510105","INVENTARIO INICIAL DE MATERIA PRIMA","510105","account.data_account_type_direct_costs","l10n_ec_ja_ifrs","False"
"ec510106","COMPRAS NETAS LOCALES DE MATERIA PRIMA","510106","account.data_account_type_direct_costs","l10n_ec_ja_ifrs","False"
"ec510107","IMPORTACIONES DE MATERIA PRIMA","510107","account.data_account_type_direct_costs","l10n_ec_ja_ifrs","False"
"ec510108","INVENTARIO FINAL DE MATERIA PRIMA","510108","account.data_account_type_direct_costs","l10n_ec_ja_ifrs","False"
"ec510109","INVENTARIO INICIAL DE PRODUCTOS EN PROCESO","510109","account.data_account_type_direct_costs","l10n_ec_ja_ifrs","False"
"ec510110","INVENTARIO FINAL DE PRODUCTOS EN PROCESO","510110","account.data_account_type_direct_costs","l10n_ec_ja_ifrs","False"
"ec510111","INVENTARIO INICIAL PRODUCTOS TERMINADOS","510111","account.data_account_type_direct_costs","l10n_ec_ja_ifrs","False"
"ec510112","INVENTARIO FINAL DE PRODUCTOS TERMINADOS","510112","account.data_account_type_direct_costs","l10n_ec_ja_ifrs","False"
"ec51020101","SUELDOS, SALARIOS Y DEMAS REMUNERACIONES","51020101","account.data_account_type_direct_costs","l10n_ec_ja_ifrs","False"
"ec51020102","HORAS EXTRA","51020102","account.data_account_type_direct_costs","l10n_ec_ja_ifrs","False"
"ec51020103","BONIFICACIONES POR DESEMPEÑO","51020103","account.data_account_type_direct_costs","l10n_ec_ja_ifrs","False"
"ec51020201","SEGURO MEDICO ","51020201","account.data_account_type_direct_costs","l10n_ec_ja_ifrs","False"
"ec51020202","CAPACITACION","51020202","account.data_account_type_direct_costs","l10n_ec_ja_ifrs","False"
"ec51020203","UNIFORMES","51020203","account.data_account_type_direct_costs","l10n_ec_ja_ifrs","False"
"ec51020204","ALIMENTACION","51020204","account.data_account_type_direct_costs","l10n_ec_ja_ifrs","False"
"ec5102020501","IMPUESTO A LA RENTA EMPLEADOS ASUMIDO POR LA EMPRESA","5102020501","account.data_account_type_direct_costs","l10n_ec_ja_ifrs","False"
"ec5102020502","TRANSPORTE","5102020502","account.data_account_type_direct_costs","l10n_ec_ja_ifrs","False"
"ec51020301","APORTE PATRONAL","51020301","account.data_account_type_direct_costs","l10n_ec_ja_ifrs","False"
"ec51020302","FONDOS DE RESERVA","51020302","account.data_account_type_direct_costs","l10n_ec_ja_ifrs","False"
"ec51020401","DECIMO TERCER SUELDO","51020401","account.data_account_type_direct_costs","l10n_ec_ja_ifrs","False"
"ec51020402","DECIMO CUARTO SUELDO","51020402","account.data_account_type_direct_costs","l10n_ec_ja_ifrs","False"
"ec51020403","VACACIONES","51020403","account.data_account_type_direct_costs","l10n_ec_ja_ifrs","False"
"ec51020404","DESPICO INTEMPESTIVO ","51020404","account.data_account_type_direct_costs","l10n_ec_ja_ifrs","False"
"ec51020405","DESAHUCIO","51020405","account.data_account_type_direct_costs","l10n_ec_ja_ifrs","False"
"ec51020406","OTROS BENEFICIOS E INDEMNIZACIONES","51020406","account.data_account_type_direct_costs","l10n_ec_ja_ifrs","False"
"ec51030101","SUELDOS, SALARIOS Y DEMAS REMUNERACIONES","51030101","account.data_account_type_direct_costs","l10n_ec_ja_ifrs","False"
"ec51030102","HORAS EXTRA","51030102","account.data_account_type_direct_costs","l10n_ec_ja_ifrs","False"
"ec51030103","BONIFICACIONES POR DESEMPEÑO","51030103","account.data_account_type_direct_costs","l10n_ec_ja_ifrs","False"
"ec51030201","SEGURO MEDICO ","51030201","account.data_account_type_direct_costs","l10n_ec_ja_ifrs","False"
"ec51030202","CAPACITACION","51030202","account.data_account_type_direct_costs","l10n_ec_ja_ifrs","False"
"ec51030203","UNIFORMES","51030203","account.data_account_type_direct_costs","l10n_ec_ja_ifrs","False"
"ec51030204","ALIMENTACION","51030204","account.data_account_type_direct_costs","l10n_ec_ja_ifrs","False"
"ec5103020501","IMPUESTO A LA RENTA EMPLEADOS ASUMIDO POR LA EMPRESA","5103020501","account.data_account_type_direct_costs","l10n_ec_ja_ifrs","False"
"ec5103020502","TRANSPORTE","5103020502","account.data_account_type_direct_costs","l10n_ec_ja_ifrs","False"
"ec51030301","APORTE PATRONAL","51030301","account.data_account_type_direct_costs","l10n_ec_ja_ifrs","False"
"ec51030302","FONDOS DE RESERVA","51030302","account.data_account_type_direct_costs","l10n_ec_ja_ifrs","False"
"ec51030401","DECIMO TERCER SUELDO","51030401","account.data_account_type_direct_costs","l10n_ec_ja_ifrs","False"
"ec51030402","DECIMO CUARTO SUELDO","51030402","account.data_account_type_direct_costs","l10n_ec_ja_ifrs","False"
"ec51030403","VACACIONES","51030403","account.data_account_type_direct_costs","l10n_ec_ja_ifrs","False"
"ec51030404","DESPICO INTEMPESTIVO ","51030404","account.data_account_type_direct_costs","l10n_ec_ja_ifrs","False"
"ec51030405","DESAHUCIO","51030405","account.data_account_type_direct_costs","l10n_ec_ja_ifrs","False"
"ec51030406","OTROS BENEFICIOS E INDEMNIZACIONES","51030406","account.data_account_type_direct_costs","l10n_ec_ja_ifrs","False"
"ec51040101","EDIFICIOS","51040101","account.data_account_type_depreciation","l10n_ec_ja_ifrs","False"
"ec51040102","CONTRUCCIONES EN CURSO","51040102","account.data_account_type_depreciation","l10n_ec_ja_ifrs","False"
"ec51040103","INSTALACIONES","51040103","account.data_account_type_depreciation","l10n_ec_ja_ifrs","False"
"ec51040104","MUEBLES Y ENSERES","51040104","account.data_account_type_depreciation","l10n_ec_ja_ifrs","False"
"ec51040105","MAQUINARIA Y EQUIPO","51040105","account.data_account_type_depreciation","l10n_ec_ja_ifrs","False"
"ec51040106","NAVES, AERONAVES, BARCAZAS Y SIMILARES","51040106","account.data_account_type_depreciation","l10n_ec_ja_ifrs","False"
"ec51040107","EQUIPO DE COMPUTACION","51040107","account.data_account_type_depreciation","l10n_ec_ja_ifrs","False"
"ec51040108","VEHICULOS, EQUIPOS DE TRANSPORTE Y EQUIPO CAMINERO MOVIL","51040108","account.data_account_type_depreciation","l10n_ec_ja_ifrs","False"
"ec51040109","OTROS PROPIEDADES, PLANTA Y EQUIPO","51040109","account.data_account_type_depreciation","l10n_ec_ja_ifrs","False"
"ec51040110","REPUESTOS Y HERRAMIENTAS","51040110","account.data_account_type_depreciation","l10n_ec_ja_ifrs","False"
"ec510402","DETERIORO O PÉRDIDAS DE ACTIVOS BIOLÓGICOS","510402","account.data_account_type_direct_costs","l10n_ec_ja_ifrs","False"
"ec51040301","EDIFICIOS","51040301","account.data_account_type_direct_costs","l10n_ec_ja_ifrs","False"
"ec51040302","CONTRUCCIONES EN CURSO","51040302","account.data_account_type_direct_costs","l10n_ec_ja_ifrs","False"
"ec51040303","INSTALACIONES","51040303","account.data_account_type_direct_costs","l10n_ec_ja_ifrs","False"
"ec51040304","MUEBLES Y ENSERES","51040304","account.data_account_type_direct_costs","l10n_ec_ja_ifrs","False"
"ec51040305","MAQUINARIA Y EQUIPO","51040305","account.data_account_type_direct_costs","l10n_ec_ja_ifrs","False"
"ec51040306","NAVES, AERONAVES, BARCAZAS Y SIMILARES","51040306","account.data_account_type_direct_costs","l10n_ec_ja_ifrs","False"
"ec51040307","EQUIPO DE COMPUTACION","51040307","account.data_account_type_direct_costs","l10n_ec_ja_ifrs","False"
"ec51040308","VEHICULOS, EQUIPOS DE TRANSPORTE Y EQUIPO CAMINERO MOVIL","51040308","account.data_account_type_direct_costs","l10n_ec_ja_ifrs","False"
"ec51040309","OTROS PROPIEDADES, PLANTA Y EQUIPO","51040309","account.data_account_type_direct_costs","l10n_ec_ja_ifrs","False"
"ec51040310","REPUESTOS Y HERRAMIENTAS","51040310","account.data_account_type_direct_costs","l10n_ec_ja_ifrs","False"
"ec510404","EFECTO VALOR NETO DE REALIZACION DE INVENTARIOS","510404","account.data_account_type_direct_costs","l10n_ec_ja_ifrs","False"
"ec510405","GASTO POR GARANTIAS EN VENTA DE PRODUCTOS O SERVICIOS","510405","account.data_account_type_direct_costs","l10n_ec_ja_ifrs","False"
"ec510406","MANTENIMIENTO Y REPARACIONES","510406","account.data_account_type_direct_costs","l10n_ec_ja_ifrs","False"
"ec510407","SUMINISTROS MATERIALES Y REPUESTOS","510407","account.data_account_type_direct_costs","l10n_ec_ja_ifrs","False"
"ec51040801","OTROS COSTOS DE PRODUCCION","51040801","account.data_account_type_direct_costs","l10n_ec_ja_ifrs","False"
"ec52010101","SUELDOS, SALARIOS Y DEMAS REMUNERACIONES","52010101","account.data_account_type_expenses","l10n_ec_ja_ifrs","False"
"ec52010102","HORAS EXTRA","52010102","account.data_account_type_expenses","l10n_ec_ja_ifrs","False"
"ec52010103","BONIFICACIONES POR DESEMPEÑO","52010103","account.data_account_type_expenses","l10n_ec_ja_ifrs","False"
"ec52010201","APORTE PATRONAL","52010201","account.data_account_type_expenses","l10n_ec_ja_ifrs","False"
"ec52010202","FONDOS DE RESERVA","52010202","account.data_account_type_expenses","l10n_ec_ja_ifrs","False"
"ec52010301","DECIMO TERCER SUELDO","52010301","account.data_account_type_expenses","l10n_ec_ja_ifrs","False"
"ec52010302","DECIMO CUARTO SUELDO","52010302","account.data_account_type_expenses","l10n_ec_ja_ifrs","False"
"ec52010303","VACACIONES","52010303","account.data_account_type_expenses","l10n_ec_ja_ifrs","False"
"ec52010304","DESPICO INTEMPESTIVO ","52010304","account.data_account_type_expenses","l10n_ec_ja_ifrs","False"
"ec52010305","DESAHUCIO","52010305","account.data_account_type_expenses","l10n_ec_ja_ifrs","False"
"ec52010306","OTROS BENEFICIOS E INDEMNIZACIONES","52010306","account.data_account_type_expenses","l10n_ec_ja_ifrs","False"
"ec52010401","SEGURO MEDICO ","52010401","account.data_account_type_expenses","l10n_ec_ja_ifrs","False"
"ec52010402","CAPACITACION","52010402","account.data_account_type_expenses","l10n_ec_ja_ifrs","False"
"ec52010403","UNIFORMES","52010403","account.data_account_type_expenses","l10n_ec_ja_ifrs","False"
"ec52010404","ALIMENTACION","52010404","account.data_account_type_expenses","l10n_ec_ja_ifrs","False"
"ec5201040501","IMPUESTO A LA RENTA EMPLEADOS ASUMIDO POR LA EMPRESA","5201040501","account.data_account_type_direct_costs","l10n_ec_ja_ifrs","False"
"ec5201040502","TRANSPORTE","5201040502","account.data_account_type_direct_costs","l10n_ec_ja_ifrs","False"
"ec520105","HONORARIOS, COMISIONES Y DIETAS A PERSONAS NATURALES","520105","account.data_account_type_expenses","l10n_ec_ja_ifrs","False"
"ec520106","REMUNERACIONES A OTROS TRABAJADORES AUTONOMOS","520106","account.data_account_type_expenses","l10n_ec_ja_ifrs","False"
"ec520107","HONORARIOS A EXTRANJEROS POR SERVICIOS OCASIONALES","520107","account.data_account_type_expenses","l10n_ec_ja_ifrs","False"
"ec520108","MANTENIMIENTO Y REPARACIONES","520108","account.data_account_type_expenses","l10n_ec_ja_ifrs","False"
"ec520109","ARRENDAMIENTO OPERATIVO","520109","account.data_account_type_expenses","l10n_ec_ja_ifrs","False"
"ec520110","COMISIONES","520110","account.data_account_type_expenses","l10n_ec_ja_ifrs","False"
"ec520111","PROMOCION Y PUBLICIDAD","520111","account.data_account_type_expenses","l10n_ec_ja_ifrs","False"
"ec520112","COMBUSTIBLES","520112","account.data_account_type_expenses","l10n_ec_ja_ifrs","False"
"ec520113","LUBRICANTES","520113","account.data_account_type_expenses","l10n_ec_ja_ifrs","False"
"ec520114","SEGUROS Y REASEGUROS (primas y cesiones)","520114","account.data_account_type_expenses","l10n_ec_ja_ifrs","False"
"ec520115","TRANSPORTE","520115","account.data_account_type_expenses","l10n_ec_ja_ifrs","False"
"ec520116","GASTOS DE GESTION (agasajos a accionistas, trabajadores y clientes)","520116","account.data_account_type_expenses","l10n_ec_ja_ifrs","False"
"ec520117","GASTOS DE VIAJE","520117","account.data_account_type_expenses","l10n_ec_ja_ifrs","False"
"ec52011801","AGUA POTABLE","52011801","account.data_account_type_expenses","l10n_ec_ja_ifrs","False"
"ec52011802","ENERGIA ELECTRICA","52011802","account.data_account_type_expenses","l10n_ec_ja_ifrs","False"
"ec52011803","TELEFONIA FIJA","52011803","account.data_account_type_expenses","l10n_ec_ja_ifrs","False"
"ec52011804","TELEFONIA MOVIL","52011804","account.data_account_type_expenses","l10n_ec_ja_ifrs","False"
"ec520119","NOTARIOS Y REGISTRADORES DE LA PROPIEDAD O MERCANTILES","520119","account.data_account_type_expenses","l10n_ec_ja_ifrs","False"
"ec520120","IMPUESTOS, CONTRIBUCIONES Y OTROS","520120","account.data_account_type_expenses","l10n_ec_ja_ifrs","False"
"ec5201210101","EDIFICIOS","5201210101","account.data_account_type_depreciation","l10n_ec_ja_ifrs","False"
"ec5201210102","CONTRUCCIONES EN CURSO","5201210102","account.data_account_type_depreciation","l10n_ec_ja_ifrs","False"
"ec5201210103","INSTALACIONES","5201210103","account.data_account_type_depreciation","l10n_ec_ja_ifrs","False"
"ec5201210104","MUEBLES Y ENSERES","5201210104","account.data_account_type_depreciation","l10n_ec_ja_ifrs","False"
"ec5201210105","MAQUINARIA Y EQUIPO","5201210105","account.data_account_type_depreciation","l10n_ec_ja_ifrs","False"
"ec5201210106","NAVES, AERONAVES, BARCAZAS Y SIMILARES","5201210106","account.data_account_type_depreciation","l10n_ec_ja_ifrs","False"
"ec5201210107","EQUIPO DE COMPUTACION","5201210107","account.data_account_type_depreciation","l10n_ec_ja_ifrs","False"
"ec5201210108","VEHICULOS, EQUIPOS DE TRANSPORTE Y EQUIPO CAMINERO MOVIL","5201210108","account.data_account_type_depreciation","l10n_ec_ja_ifrs","False"
"ec5201210109","OTROS PROPIEDADES, PLANTA Y EQUIPO","5201210109","account.data_account_type_depreciation","l10n_ec_ja_ifrs","False"
"ec5201210110","REPUESTOS Y HERRAMIENTAS","5201210110","account.data_account_type_depreciation","l10n_ec_ja_ifrs","False"
"ec52012102","PROPIEDADES DE INVERSION","52012102","account.data_account_type_depreciation","l10n_ec_ja_ifrs","False"
"ec52012201","INTANGIBLES","52012201","account.data_account_type_expenses","l10n_ec_ja_ifrs","False"
"ec52012202","OTROS ACTIVOS","52012202","account.data_account_type_expenses","l10n_ec_ja_ifrs","False"
"ec5201230101","EDIFICIOS","5201230101","account.data_account_type_expenses","l10n_ec_ja_ifrs","False"
"ec5201230102","CONTRUCCIONES EN CURSO","5201230102","account.data_account_type_expenses","l10n_ec_ja_ifrs","False"
"ec5201230103","INSTALACIONES","5201230103","account.data_account_type_expenses","l10n_ec_ja_ifrs","False"
"ec5201230104","MUEBLES Y ENSERES","5201230104","account.data_account_type_expenses","l10n_ec_ja_ifrs","False"
"ec5201230105","MAQUINARIA Y EQUIPO","5201230105","account.data_account_type_expenses","l10n_ec_ja_ifrs","False"
"ec5201230106","NAVES, AERONAVES, BARCAZAS Y SIMILARES","5201230106","account.data_account_type_expenses","l10n_ec_ja_ifrs","False"
"ec5201230107","EQUIPO DE COMPUTACION","5201230107","account.data_account_type_expenses","l10n_ec_ja_ifrs","False"
"ec5201230108","VEHICULOS, EQUIPOS DE TRANSPORTE Y EQUIPO CAMINERO MOVIL","5201230108","account.data_account_type_expenses","l10n_ec_ja_ifrs","False"
"ec5201230109","OTROS PROPIEDADES, PLANTA Y EQUIPO","5201230109","account.data_account_type_expenses","l10n_ec_ja_ifrs","False"
"ec5201230110","REPUESTOS Y HERRAMIENTAS","5201230110","account.data_account_type_expenses","l10n_ec_ja_ifrs","False"
"ec52012302","INSTRUMENTOS FINANCIEROS","52012302","account.data_account_type_expenses","l10n_ec_ja_ifrs","False"
"ec52012303","INTANGIBLES","52012303","account.data_account_type_expenses","l10n_ec_ja_ifrs","False"
"ec52012304","CUENTAS POR COBRAR","52012304","account.data_account_type_expenses","l10n_ec_ja_ifrs","False"
"ec52012305","OTROS ACTIVOS","52012305","account.data_account_type_expenses","l10n_ec_ja_ifrs","False"
"ec520124","GASTOS POR CANTIDADES ANORMALES DE UTILIZACIÓN EN EL PROCESO DE PRODUCCIÓN","520124","account.data_account_type_expenses","l10n_ec_ja_ifrs","False"
"ec520125","GASTO POR REESTRUCTURACION","520125","account.data_account_type_expenses","l10n_ec_ja_ifrs","False"
"ec520126","VALOR NETO DE REALIZACION DE INVENTARIOS","520126","account.data_account_type_expenses","l10n_ec_ja_ifrs","False"
"ec52012701","SERVICIO DE IMPRENTA","52012701","account.data_account_type_expenses","l10n_ec_ja_ifrs","False"
"ec52012702","SUMINISTROS DE OFICINA","52012702","account.data_account_type_expenses","l10n_ec_ja_ifrs","False"
"ec52012703","SUMINISTROS Y ARTICULOS DE ASEO Y LIMPIEZA","52012703","account.data_account_type_expenses","l10n_ec_ja_ifrs","False"
"ec52012704","ALÍCUOTAS Y CONDOMINIO","52012704","account.data_account_type_expenses","l10n_ec_ja_ifrs","False"
"ec52012705","GUIAS, COURIERS, CORREOS","52012705","account.data_account_type_expenses","l10n_ec_ja_ifrs","False"
"ec52012706","PEAJES, PARQUEADEROS Y OTROS","52012706","account.data_account_type_expenses","l10n_ec_ja_ifrs","False"
"ec52012707","CAPACITACIÓN, CURSOS Y SEMINARIOS","52012707","account.data_account_type_expenses","l10n_ec_ja_ifrs","False"
"ec52012708","ALIMENTACIÓN Y REFRIGERIOS","52012708","account.data_account_type_expenses","l10n_ec_ja_ifrs","False"
"ec52012709","SEGURIDAD Y VIGILANCIA","52012709","account.data_account_type_expenses","l10n_ec_ja_ifrs","False"
"ec52012710","SERVICIOS DE LIMPIEZA","52012710","account.data_account_type_expenses","l10n_ec_ja_ifrs","False"
"ec52012711","OTROS IMPUESTOS","52012711","account.data_account_type_expenses","l10n_ec_ja_ifrs","False"
"ec52012712","MANTENIMIENTO EQUIPO COMPUTO","52012712","account.data_account_type_expenses","l10n_ec_ja_ifrs","False"
"ec52012713","GASTOS LEGALES","52012713","account.data_account_type_expenses","l10n_ec_ja_ifrs","False"
"ec52012714","SERVICIOS CONTRATADOS A TERCEROS","52012714","account.data_account_type_expenses","l10n_ec_ja_ifrs","False"
"ec52012715","OTROS GASTOS","52012715","account.data_account_type_expenses","l10n_ec_ja_ifrs","False"
"ec52020101","SUELDOS, SALARIOS Y DEMAS REMUNERACIONES","52020101","account.data_account_type_expenses","l10n_ec_ja_ifrs","False"
"ec52020102","HORAS EXTRA","52020102","account.data_account_type_expenses","l10n_ec_ja_ifrs","False"
"ec52020103","BONIFICACIONES POR DESEMPEÑO","52020103","account.data_account_type_expenses","l10n_ec_ja_ifrs","False"
"ec52020201","APORTE PATRONAL","52020201","account.data_account_type_expenses","l10n_ec_ja_ifrs","False"
"ec52020202","FONDOS DE RESERVA","52020202","account.data_account_type_expenses","l10n_ec_ja_ifrs","False"
"ec52020301","DECIMO TERCER SUELDO","52020301","account.data_account_type_expenses","l10n_ec_ja_ifrs","False"
"ec52020302","DECIMO CUARTO SUELDO","52020302","account.data_account_type_expenses","l10n_ec_ja_ifrs","False"
"ec52020303","VACACIONES","52020303","account.data_account_type_expenses","l10n_ec_ja_ifrs","False"
"ec52020304","DESPICO INTEMPESTIVO ","52020304","account.data_account_type_expenses","l10n_ec_ja_ifrs","False"
"ec52020305","DESAHUCIO","52020305","account.data_account_type_expenses","l10n_ec_ja_ifrs","False"
"ec52020306","OTROS BENEFICIOS E INDEMNIZACIONES","52020306","account.data_account_type_expenses","l10n_ec_ja_ifrs","False"
"ec52020401","SEGURO MEDICO ","52020401","account.data_account_type_expenses","l10n_ec_ja_ifrs","False"
"ec52020402","CAPACITACION","52020402","account.data_account_type_expenses","l10n_ec_ja_ifrs","False"
"ec52020403","UNIFORMES","52020403","account.data_account_type_expenses","l10n_ec_ja_ifrs","False"
"ec52020404","ALIMENTACION","52020404","account.data_account_type_expenses","l10n_ec_ja_ifrs","False"
"ec52020405","OTROS GASTOS DE PLANES DE BENEFICIOS A EMPLEADOS","52020405","account.data_account_type_expenses","l10n_ec_ja_ifrs","False"
"ec5202040501","IMPUESTO A LA RENTA EMPLEADOS ASUMIDO POR LA EMPRESA","5202040501","account.data_account_type_direct_costs","l10n_ec_ja_ifrs","False"
"ec5202040502","TRANSPORTE","5202040502","account.data_account_type_direct_costs","l10n_ec_ja_ifrs","False"
"ec520205","HONORARIOS, COMISIONES Y DIETAS A PERSONAS NATURALES","520205","account.data_account_type_expenses","l10n_ec_ja_ifrs","False"
"ec520206","REMUNERACIONES A OTROS TRABAJADORES AUTONOMOS","520206","account.data_account_type_expenses","l10n_ec_ja_ifrs","False"
"ec520207","HONORARIOS A EXTRANJEROS POR SERVICIOS OCASIONALES","520207","account.data_account_type_expenses","l10n_ec_ja_ifrs","False"
"ec520208","MANTENIMIENTO Y REPARACIONES","520208","account.data_account_type_expenses","l10n_ec_ja_ifrs","False"
"ec520209","ARRENDAMIENTO OPERATIVO","520209","account.data_account_type_expenses","l10n_ec_ja_ifrs","False"
"ec520210","COMISIONES","520210","account.data_account_type_expenses","l10n_ec_ja_ifrs","False"
"ec520211","PROMOCION Y PUBLICIDAD","520211","account.data_account_type_expenses","l10n_ec_ja_ifrs","False"
"ec520212","COMBUSTIBLES","520212","account.data_account_type_expenses","l10n_ec_ja_ifrs","False"
"ec520213","LUBRICANTES","520213","account.data_account_type_expenses","l10n_ec_ja_ifrs","False"
"ec520214","SEGUROS Y REASEGUROS (primas y cesiones)","520214","account.data_account_type_expenses","l10n_ec_ja_ifrs","False"
"ec520215","TRANSPORTE","520215","account.data_account_type_expenses","l10n_ec_ja_ifrs","False"
"ec520216","GASTOS DE GESTION (agasajos a accionistas, trabajadores y clientes)","520216","account.data_account_type_expenses","l10n_ec_ja_ifrs","False"
"ec520217","GASTOS DE VIAJE","520217","account.data_account_type_expenses","l10n_ec_ja_ifrs","False"
"ec52021801","AGUA POTABLE","52021801","account.data_account_type_expenses","l10n_ec_ja_ifrs","False"
"ec52021802","ENERGIA ELECTRICA","52021802","account.data_account_type_expenses","l10n_ec_ja_ifrs","False"
"ec52021803","TELEFONIA FIJA","52021803","account.data_account_type_expenses","l10n_ec_ja_ifrs","False"
"ec52021804","TELEFONIA MOVIL","52021804","account.data_account_type_expenses","l10n_ec_ja_ifrs","False"
"ec520219","NOTARIOS Y REGISTRADORES DE LA PROPIEDAD O MERCANTILES","520219","account.data_account_type_expenses","l10n_ec_ja_ifrs","False"
"ec52022001","PATENTE MUNICIPAL","52022001","account.data_account_type_expenses","l10n_ec_ja_ifrs","False"
"ec52022002","1.5X MIL ACTIVOS TOTALES","52022002","account.data_account_type_expenses","l10n_ec_ja_ifrs","False"
"ec52022003","CONTRIBUCIONES SUPER CIAS.","52022003","account.data_account_type_expenses","l10n_ec_ja_ifrs","False"
"ec52022004","CAMARA DE COMERCIO","52022004","account.data_account_type_expenses","l10n_ec_ja_ifrs","False"
"ec52022005","OTROS IMPUESTOS","52022005","account.data_account_type_expenses","l10n_ec_ja_ifrs","False"
"ec5202210101","EDIFICIOS","5202210101","account.data_account_type_depreciation","l10n_ec_ja_ifrs","False"
"ec5202210102","CONTRUCCIONES EN CURSO","5202210102","account.data_account_type_depreciation","l10n_ec_ja_ifrs","False"
"ec5202210103","INSTALACIONES","5202210103","account.data_account_type_depreciation","l10n_ec_ja_ifrs","False"
"ec5202210104","MUEBLES Y ENSERES","5202210104","account.data_account_type_depreciation","l10n_ec_ja_ifrs","False"
"ec5202210105","MAQUINARIA Y EQUIPO","5202210105","account.data_account_type_depreciation","l10n_ec_ja_ifrs","False"
"ec5202210106","NAVES, AERONAVES, BARCAZAS Y SIMILARES","5202210106","account.data_account_type_depreciation","l10n_ec_ja_ifrs","False"
"ec5202210107","EQUIPO DE COMPUTACION","5202210107","account.data_account_type_depreciation","l10n_ec_ja_ifrs","False"
"ec5202210108","VEHICULOS, EQUIPOS DE TRANSPORTE Y EQUIPO CAMINERO MOVIL","5202210108","account.data_account_type_depreciation","l10n_ec_ja_ifrs","False"
"ec5202210109","OTROS PROPIEDADES, PLANTA Y EQUIPO","5202210109","account.data_account_type_depreciation","l10n_ec_ja_ifrs","False"
"ec5202210110","REPUESTOS Y HERRAMIENTAS","5202210110","account.data_account_type_depreciation","l10n_ec_ja_ifrs","False"
"ec52022102","PROPIEDADES DE INVERSION","52022102","account.data_account_type_depreciation","l10n_ec_ja_ifrs","False"
"ec52022201","INTANGIBLES","52022201","account.data_account_type_expenses","l10n_ec_ja_ifrs","False"
"ec52022202","OTROS ACTIVOS","52022202","account.data_account_type_expenses","l10n_ec_ja_ifrs","False"
"ec5202230101","EDIFICIOS","5202230101","account.data_account_type_expenses","l10n_ec_ja_ifrs","False"
"ec5202230102","CONTRUCCIONES EN CURSO","5202230102","account.data_account_type_expenses","l10n_ec_ja_ifrs","False"
"ec5202230103","INSTALACIONES","5202230103","account.data_account_type_expenses","l10n_ec_ja_ifrs","False"
"ec5202230104","MUEBLES Y ENSERES","5202230104","account.data_account_type_expenses","l10n_ec_ja_ifrs","False"
"ec5202230105","MAQUINARIA Y EQUIPO","5202230105","account.data_account_type_expenses","l10n_ec_ja_ifrs","False"
"ec5202230106","NAVES, AERONAVES, BARCAZAS Y SIMILARES","5202230106","account.data_account_type_expenses","l10n_ec_ja_ifrs","False"
"ec5202230107","EQUIPO DE COMPUTACION","5202230107","account.data_account_type_expenses","l10n_ec_ja_ifrs","False"
"ec5202230108","VEHICULOS, EQUIPOS DE TRANSPORTE Y EQUIPO CAMINERO MOVIL","5202230108","account.data_account_type_expenses","l10n_ec_ja_ifrs","False"
"ec5202230109","OTROS PROPIEDADES, PLANTA Y EQUIPO","5202230109","account.data_account_type_expenses","l10n_ec_ja_ifrs","False"
"ec5202230110","REPUESTOS Y HERRAMIENTAS","5202230110","account.data_account_type_expenses","l10n_ec_ja_ifrs","False"
"ec52022302","INVENTARIOS","52022302","account.data_account_type_expenses","l10n_ec_ja_ifrs","False"
"ec52022303","INSTRUMENTOS FINANCIEROS","52022303","account.data_account_type_expenses","l10n_ec_ja_ifrs","False"
"ec52022304","INTANGIBLES","52022304","account.data_account_type_expenses","l10n_ec_ja_ifrs","False"
"ec52022305","CUENTAS POR COBRAR","52022305","account.data_account_type_expenses","l10n_ec_ja_ifrs","False"
"ec52022306","OTROS ACTIVOS","52022306","account.data_account_type_expenses","l10n_ec_ja_ifrs","False"
"ec520224","GASTOS POR CANTIDADES ANORMALES DE UTILIZACIÓN EN EL PROCESO DE PRODUCCIÓN","520224","account.data_account_type_expenses","l10n_ec_ja_ifrs","False"
"ec520225","GASTO POR REESTRUCTURACION","520225","account.data_account_type_expenses","l10n_ec_ja_ifrs","False"
"ec520226","VALOR NETO DE REALIZACION DE INVENTARIOS","520226","account.data_account_type_expenses","l10n_ec_ja_ifrs","False"
"ec520227","GASTO IMPUESTO A LA RENTA (ACTIVOS Y PASIVOS DIFERIDOS)","520227","account.data_account_type_expenses","l10n_ec_ja_ifrs","False"
"ec52022801","SUMINISTROS DE OFICINA","52022801","account.data_account_type_expenses","l10n_ec_ja_ifrs","False"
"ec52022802","SUMINISTROS Y ARTÍCULOS DE ASEO Y LIMPIEZA","52022802","account.data_account_type_expenses","l10n_ec_ja_ifrs","False"
"ec52022803","ALÍCUOTAS Y CONDOMINIO","52022803","account.data_account_type_expenses","l10n_ec_ja_ifrs","False"
"ec52022804","GUIAS, COURIERS, CORREOS","52022804","account.data_account_type_expenses","l10n_ec_ja_ifrs","False"
"ec52022805","PEAJES, PARQUEADEROS Y OTROS","52022805","account.data_account_type_expenses","l10n_ec_ja_ifrs","False"
"ec52022806","CAPACITACIÓN, CURSOS Y SEMINARIOS","52022806","account.data_account_type_expenses","l10n_ec_ja_ifrs","False"
"ec52022807","ALIMENTACIÓN Y REFRIGERIOS","52022807","account.data_account_type_expenses","l10n_ec_ja_ifrs","False"
"ec52022808","SEGURIDAD Y VIGILANCIA","52022808","account.data_account_type_expenses","l10n_ec_ja_ifrs","False"
"ec52022809","SERVICIOS DE LIMPIEZA","52022809","account.data_account_type_expenses","l10n_ec_ja_ifrs","False"
"ec52022810","OTROS IMPUESTOS","52022810","account.data_account_type_expenses","l10n_ec_ja_ifrs","False"
"ec52022811","MANTENIMIENTO EQUIPO COMPUTO","52022811","account.data_account_type_expenses","l10n_ec_ja_ifrs","False"
"ec52022812","MATERIAL DE OSTEOSINTESIS","52022812","account.data_account_type_expenses","l10n_ec_ja_ifrs","False"
"ec52022813","GASTOS DE CONSTRUCCIÓN","52022813","account.data_account_type_expenses","l10n_ec_ja_ifrs","False"
"ec52022814","GASTOS LEGALES","52022814","account.data_account_type_expenses","l10n_ec_ja_ifrs","False"
"ec52022815","SERVICIOS CONTRATADOS A TERCEROS","52022815","account.data_account_type_expenses","l10n_ec_ja_ifrs","False"
"ec52022816","OTROS GASTOS","52022816","account.data_account_type_expenses","l10n_ec_ja_ifrs","False"
"ec52022817","RECOLECCIÓN RESIDUOS","52022817","account.data_account_type_expenses","l10n_ec_ja_ifrs","False"
"ec5202281801","GND SUMINISTROS","5202281801","account.data_account_type_expenses","l10n_ec_ja_ifrs","False"
"ec5202281802","GND GASTOS DE GESTION Y AGASAJOS A CLIENTES Y EMPLEADOS","5202281802","account.data_account_type_expenses","l10n_ec_ja_ifrs","False"
"ec5202281803","GND RETENCIONES ASUMIDAS","5202281803","account.data_account_type_expenses","l10n_ec_ja_ifrs","False"
"ec5202281804","GND SOPORTE TECNICO","5202281804","account.data_account_type_expenses","l10n_ec_ja_ifrs","False"
"ec5202281805","GND MOVILIZACIÓN NO DEDUCIBLE","5202281805","account.data_account_type_expenses","l10n_ec_ja_ifrs","False"
"ec5202281806","GND IMPUESTOS, INTERESES Y MULTAS","5202281806","account.data_account_type_expenses","l10n_ec_ja_ifrs","False"
"ec5202281807","GND SALIDAS DE DIVISAS","5202281807","account.data_account_type_expenses","l10n_ec_ja_ifrs","False"
"ec5202281808","GND OTROS GASTOS NO DEDUCIBLES","5202281808","account.data_account_type_expenses","l10n_ec_ja_ifrs","False"
"ec520301","INTERESES","520301","account.data_account_type_expenses","l10n_ec_ja_ifrs","False"
"ec520302","COMISIONES","520302","account.data_account_type_expenses","l10n_ec_ja_ifrs","False"
"ec520303","GASTOS DE FINANCIAMIENTO DE ACTIVOS","520303","account.data_account_type_expenses","l10n_ec_ja_ifrs","False"
"ec520304","DIFERENCIA EN CAMBIO","520304","account.data_account_type_expenses","l10n_ec_ja_ifrs","False"
"ec520305","OTROS GASTOS FINANCIEROS","520305","account.data_account_type_expenses","l10n_ec_ja_ifrs","False"
"ec520401","PERDIDA EN INVERSIONES EN ASOCIADAS / SUBSIDIARIAS Y OTRAS","520401","account.data_account_type_expenses","l10n_ec_ja_ifrs","False"
"ec52040201","Otros Gastos","52040201","account.data_account_type_expenses","l10n_ec_ja_ifrs","False"
"ec99999999","CIERRE ANUAL DEL EJERCICIO FISCAL  (Cuenta del Sistema)","99999999","account.data_unaffected_earnings","l10n_ec_ja_ifrs","False"